<?xml version="1.0" encoding="UTF-8"?>
<!DOCTYPE configuration
  PUBLIC "-//mybatis.org//DTD Config 3.0//EN"
  "https://mybatis.org/dtd/mybatis-3-config.dtd">
<configuration>
	<settings>
		<setting name="jdbcTypeForNull" value="NULL" />
		<setting name="mapUnderscoreToCamelCase" value="true" />
	</settings>

	<environments default="development">
		<environment id="development">
			<transactionManager type="JDBC" />
			<dataSource type="POOLED">
				<property name="driver"
					value="oracle.jdbc.driver.OracleDriver" />
				<property name="url"
					value="jdbc:oracle:thin:@localhost:1521:xe" />
				<property name="username" value="micol" />
				<property name="password" value="1234" />
			</dataSource>
		</environment>
	</environments>
	<mappers>
		<package name="co.micol.prj" />
	</mappers>
</configuration>